Workbook

Sheet Инструкция
A1: Расчетная копия сметы ҮйКөмек
A2: Рекомендуемый шаблон. Скачивание не означает утверждение сметы.
A3: Желтые ячейки — ввод; голубые — формулы. Защита листов не установлена.
A4: Меняйте количества, цены, периоды и исходные площади. Формулы связаны между листами.
A5: На листе «Статьи расходов» подготовлены пустые строки с формулами. Заполните все поля A–F и H. Не стирайте G и I.
A6: Для дополнительных строк скопируйте целую последнюю строку с формулами ниже и замените ввод. Формулы итогов используют все строки колонок. Не вставляйте строку над заголовком.
A7: Раздел в A выбирайте из списка. Периоды: ежемесячно 12, ежеквартально 4, раз в год 1, свое целое количество 1–366.
A8: Количество — положительное, до 4 знаков; цена — неотрицательная, до 2 знаков. Годовая сумма округляется половиной вверх до тиына.
A9: Взнос помещения вычисляется прямо из годовых расходов, дохода и площади, без округленной ставки. Ставка на экране — только представление (6 знаков).
A10: При ошибках расчетные ячейки пусты; смотрите столбец «Проверка» и исходные данные. При неполном реестре без площади отдельного помещения его взнос не выводится.
A11: Коммерческий доход не должен превышать текущие расходы. Накопления и целевые сборы не прибавляются к текущему взносу.
A12: Это самостоятельный файл: изменения не синхронизируются обратно в приложение. Пересчет выполняет Excel/LibreOffice при открытии, не библиотека ExcelJS.
... A14: Полнота исходных данных, местный минимум, законность расходов и утверждение собственниками не подтверждаются автоматически.

Sheet Исходные данные
A1: Показатель | B1: Значение
A2: ОСИ | B2: ОСИ «Ертіс үйі»
A3: Адрес | B3: Павлодар, ул. Ынтымақ, 24
A4: Год | B4: 2026
A5: Полная полезная площадь, м² (не площадь здания) | B5: 100
A6: Годовой коммерческий доход, ₸ | B6: 0
A7: Основание дохода
A8: Полный реестр: 1 — да, 0 — нет | B8: 1
A9: Сумма известных площадей, м² | B9: =IFERROR(SUM(Помещения!C:C),"") -> 100
A10: Проверка исходных данных | B10: =IFERROR(IF(AND(ISNUMBER(B5),B5>0,ROUND(B5,2)=B5,ISNUMBER(B6),B6>=0,ROUND(B6,2)=B6,OR(B8=0,B8=1),COUNTIF(Помещения!E:E,"Ошибка")=0,IF(B8=1,ABS(B9-B5)<0.000001,B9<=B5)),"Готово","Ошибка"),"Ошибка") -> Готово
A11: Реестр | B11: Полный

Sheet Статьи расходов
A1: Раздел | B1: Название | C1: Количество | D1: Единица | E1: Стоимость, ₸ | F1: Выполнений в год | G1: Годовая сумма, ₸ | H1: Обоснование | I1: Проверка
A2: Управление (без содержания) | B2: Демо-управление | C2: 0.335 | D2: услуга | E2: 1 | F2: 1 | G2: =IFERROR(IF(I2="Готово",ROUND(ROUND(C2*10000,0)*ROUND(E2*100,0)*F2/10000,0)/100,""),"") -> 0.34 | H2: Демо | I2: =IFERROR(IF(COUNTA(A2:F2,H2)=0,"",IF(AND(OR(A2="Управление (без содержания)",A2="Содержание общего имущества",A2="Накопления (отдельный план)",A2="Целевые сборы (отдельный план)"),B2<>"",D2<>"",H2<>"",ISNUMBER(C2),C2>0,ROUND(C2,4)=C2,ISNUMBER(E2),E2>=0,ROUND(E2,2)=E2,ISNUMBER(F2),F2=INT(F2),F2>=1,F2<=366,C2*10000*E2*100*F2<=9007199254740991),"Готово","Ошибка")),"Ошибка") -> Готово
A3: Содержание общего имущества | B3: Демо-уборка | C3: 3 | D3: услуга | E3: 20 | F3: 12 | G3: =IFERROR(IF(I3="Готово",ROUND(ROUND(C3*10000,0)*ROUND(E3*100,0)*F3/10000,0)/100,""),"") -> 720 | H3: Демо | I3: =IFERROR(IF(COUNTA(A3:F3,H3)=0,"",IF(AND(OR(A3="Управление (без содержания)",A3="Содержание общего имущества",A3="Накопления (отдельный план)",A3="Целевые сборы (отдельный план)"),B3<>"",D3<>"",H3<>"",ISNUMBER(C3),C3>0,ROUND(C3,4)=C3,ISNUMBER(E3),E3>=0,ROUND(E3,2)=E3,ISNUMBER(F3),F3=INT(F3),F3>=1,F3<=366,C3*10000*E3*100*F3<=9007199254740991),"Готово","Ошибка")),"Ошибка") -> Готово
G4: =IFERROR(IF(I4="Готово",ROUND(ROUND(C4*10000,0)*ROUND(E4*100,0)*F4/10000,0)/100,""),"") | I4: =IFERROR(IF(COUNTA(A4:F4,H4)=0,"",IF(AND(OR(A4="Управление (без содержания)",A4="Содержание общего имущества",A4="Накопления (отдельный план)",A4="Целевые сборы (отдельный план)"),B4<>"",D4<>"",H4<>"",ISNUMBER(C4),C4>0,ROUND(C4,4)=C4,ISNUMBER(E4),E4>=0,ROUND(E4,2)=E4,ISNUMBER(F4),F4=INT(F4),F4>=1,F4<=366,C4*10000*E4*100*F4<=9007199254740991),"Готово","Ошибка")),"Ошибка")
G5: =IFERROR(IF(I5="Готово",ROUND(ROUND(C5*10000,0)*ROUND(E5*100,0)*F5/10000,0)/100,""),"") | I5: =IFERROR(IF(COUNTA(A5:F5,H5)=0,"",IF(AND(OR(A5="Управление (без содержания)",A5="Содержание общего имущества",A5="Накопления (отдельный план)",A5="Целевые сборы (отдельный план)"),B5<>"",D5<>"",H5<>"",ISNUMBER(C5),C5>0,ROUND(C5,4)=C5,ISNUMBER(E5),E5>=0,ROUND(E5,2)=E5,ISNUMBER(F5),F5=INT(F5),F5>=1,F5<=366,C5*10000*E5*100*F5<=9007199254740991),"Готово","Ошибка")),"Ошибка")
G6: =IFERROR(IF(I6="Готово",ROUND(ROUND(C6*10000,0)*ROUND(E6*100,0)*F6/10000,0)/100,""),"") | I6: =IFERROR(IF(COUNTA(A6:F6,H6)=0,"",IF(AND(OR(A6="Управление (без содержания)",A6="Содержание общего имущества",A6="Накопления (отдельный план)",A6="Целевые сборы (отдельный план)"),B6<>"",D6<>"",H6<>"",ISNUMBER(C6),C6>0,ROUND(C6,4)=C6,ISNUMBER(E6),E6>=0,ROUND(E6,2)=E6,ISNUMBER(F6),F6=INT(F6),F6>=1,F6<=366,C6*10000*E6*100*F6<=9007199254740991),"Готово","Ошибка")),"Ошибка")
G7: =IFERROR(IF(I7="Готово",ROUND(ROUND(C7*10000,0)*ROUND(E7*100,0)*F7/10000,0)/100,""),"") | I7: =IFERROR(IF(COUNTA(A7:F7,H7)=0,"",IF(AND(OR(A7="Управление (без содержания)",A7="Содержание общего имущества",A7="Накопления (отдельный план)",A7="Целевые сборы (отдельный план)"),B7<>"",D7<>"",H7<>"",ISNUMBER(C7),C7>0,ROUND(C7,4)=C7,ISNUMBER(E7),E7>=0,ROUND(E7,2)=E7,ISNUMBER(F7),F7=INT(F7),F7>=1,F7<=366,C7*10000*E7*100*F7<=9007199254740991),"Готово","Ошибка")),"Ошибка")
G8: =IFERROR(IF(I8="Готово",ROUND(ROUND(C8*10000,0)*ROUND(E8*100,0)*F8/10000,0)/100,""),"") | I8: =IFERROR(IF(COUNTA(A8:F8,H8)=0,"",IF(AND(OR(A8="Управление (без содержания)",A8="Содержание общего имущества",A8="Накопления (отдельный план)",A8="Целевые сборы (отдельный план)"),B8<>"",D8<>"",H8<>"",ISNUMBER(C8),C8>0,ROUND(C8,4)=C8,ISNUMBER(E8),E8>=0,ROUND(E8,2)=E8,ISNUMBER(F8),F8=INT(F8),F8>=1,F8<=366,C8*10000*E8*100*F8<=9007199254740991),"Готово","Ошибка")),"Ошибка")
G9: =IFERROR(IF(I9="Готово",ROUND(ROUND(C9*10000,0)*ROUND(E9*100,0)*F9/10000,0)/100,""),"") | I9: =IFERROR(IF(COUNTA(A9:F9,H9)=0,"",IF(AND(OR(A9="Управление (без содержания)",A9="Содержание общего имущества",A9="Накопления (отдельный план)",A9="Целевые сборы (отдельный план)"),B9<>"",D9<>"",H9<>"",ISNUMBER(C9),C9>0,ROUND(C9,4)=C9,ISNUMBER(E9),E9>=0,ROUND(E9,2)=E9,ISNUMBER(F9),F9=INT(F9),F9>=1,F9<=366,C9*10000*E9*100*F9<=9007199254740991),"Готово","Ошибка")),"Ошибка")
G10: =IFERROR(IF(I10="Готово",ROUND(ROUND(C10*10000,0)*ROUND(E10*100,0)*F10/10000,0)/100,""),"") | I10: =IFERROR(IF(COUNTA(A10:F10,H10)=0,"",IF(AND(OR(A10="Управление (без содержания)",A10="Содержание общего имущества",A10="Накопления (отдельный план)",A10="Целевые сборы (отдельный план)"),B10<>"",D10<>"",H10<>"",ISNUMBER(C10),C10>0,ROUND(C10,4)=C10,ISNUMBER(E10),E10>=0,ROUND(E10,2)=E10,ISNUMBER(F10),F10=INT(F10),F10>=1,F10<=366,C10*10000*E10*100*F10<=9007199254740991),"Готово","Ошибка")),"Ошибка")
G11: =IFERROR(IF(I11="Готово",ROUND(ROUND(C11*10000,0)*ROUND(E11*100,0)*F11/10000,0)/100,""),"") | I11: =IFERROR(IF(COUNTA(A11:F11,H11)=0,"",IF(AND(OR(A11="Управление (без содержания)",A11="Содержание общего имущества",A11="Накопления (отдельный план)",A11="Целевые сборы (отдельный план)"),B11<>"",D11<>"",H11<>"",ISNUMBER(C11),C11>0,ROUND(C11,4)=C11,ISNUMBER(E11),E11>=0,ROUND(E11,2)=E11,ISNUMBER(F11),F11=INT(F11),F11>=1,F11<=366,C11*10000*E11*100*F11<=9007199254740991),"Готово","Ошибка")),"Ошибка")
G12: =IFERROR(IF(I12="Готово",ROUND(ROUND(C12*10000,0)*ROUND(E12*100,0)*F12/10000,0)/100,""),"") | I12: =IFERROR(IF(COUNTA(A12:F12,H12)=0,"",IF(AND(OR(A12="Управление (без содержания)",A12="Содержание общего имущества",A12="Накопления (отдельный план)",A12="Целевые сборы (отдельный план)"),B12<>"",D12<>"",H12<>"",ISNUMBER(C12),C12>0,ROUND(C12,4)=C12,ISNUMBER(E12),E12>=0,ROUND(E12,2)=E12,ISNUMBER(F12),F12=INT(F12),F12>=1,F12<=366,C12*10000*E12*100*F12<=9007199254740991),"Готово","Ошибка")),"Ошибка")
G13: =IFERROR(IF(I13="Готово",ROUND(ROUND(C13*10000,0)*ROUND(E13*100,0)*F13/10000,0)/100,""),"") | I13: =IFERROR(IF(COUNTA(A13:F13,H13)=0,"",IF(AND(OR(A13="Управление (без содержания)",A13="Содержание общего имущества",A13="Накопления (отдельный план)",A13="Целевые сборы (отдельный план)"),B13<>"",D13<>"",H13<>"",ISNUMBER(C13),C13>0,ROUND(C13,4)=C13,ISNUMBER(E13),E13>=0,ROUND(E13,2)=E13,ISNUMBER(F13),F13=INT(F13),F13>=1,F13<=366,C13*10000*E13*100*F13<=9007199254740991),"Готово","Ошибка")),"Ошибка")
G14: =IFERROR(IF(I14="Готово",ROUND(ROUND(C14*10000,0)*ROUND(E14*100,0)*F14/10000,0)/100,""),"") | I14: =IFERROR(IF(COUNTA(A14:F14,H14)=0,"",IF(AND(OR(A14="Управление (без содержания)",A14="Содержание общего имущества",A14="Накопления (отдельный план)",A14="Целевые сборы (отдельный план)"),B14<>"",D14<>"",H14<>"",ISNUMBER(C14),C14>0,ROUND(C14,4)=C14,ISNUMBER(E14),E14>=0,ROUND(E14,2)=E14,ISNUMBER(F14),F14=INT(F14),F14>=1,F14<=366,C14*10000*E14*100*F14<=9007199254740991),"Готово","Ошибка")),"Ошибка")
G15: =IFERROR(IF(I15="Готово",ROUND(ROUND(C15*10000,0)*ROUND(E15*100,0)*F15/10000,0)/100,""),"") | I15: =IFERROR(IF(COUNTA(A15:F15,H15)=0,"",IF(AND(OR(A15="Управление (без содержания)",A15="Содержание общего имущества",A15="Накопления (отдельный план)",A15="Целевые сборы (отдельный план)"),B15<>"",D15<>"",H15<>"",ISNUMBER(C15),C15>0,ROUND(C15,4)=C15,ISNUMBER(E15),E15>=0,ROUND(E15,2)=E15,ISNUMBER(F15),F15=INT(F15),F15>=1,F15<=366,C15*10000*E15*100*F15<=9007199254740991),"Готово","Ошибка")),"Ошибка")
... G101: =IFERROR(IF(I101="Готово",ROUND(ROUND(C101*10000,0)*ROUND(E101*100,0)*F101/10000,0)/100,""),"") | I101: =IFERROR(IF(COUNTA(A101:F101,H101)=0,"",IF(AND(OR(A101="Управление (без содержания)",A101="Содержание общего имущества",A101="Накопления (отдельный план)",A101="Целевые сборы (отдельный план)"),B101<>"",D101<>"",H101<>"",ISNUMBER(C101),C101>0,ROUND(C101,4)=C101,ISNUMBER(E101),E101>=0,ROUND(E101,2)=E101,ISNUMBER(F101),F101=INT(F101),F101>=1,F101<=366,C101*10000*E101*100*F101<=9007199254740991),"Готово","Ошибка")),"Ошибка")

Sheet Сводная смета
A1: Раздел / показатель | B1: Сумма / значение
A2: Управление (без содержания) | B2: =IFERROR(IF(COUNTIF('Статьи расходов'!I:I,"Ошибка")>0,"",ROUND(SUMIF('Статьи расходов'!A:A,A2,'Статьи расходов'!G:G),2)),"Ошибка") -> 0.34
A3: Содержание общего имущества | B3: =IFERROR(IF(COUNTIF('Статьи расходов'!I:I,"Ошибка")>0,"",ROUND(SUMIF('Статьи расходов'!A:A,A3,'Статьи расходов'!G:G),2)),"Ошибка") -> 720
A4: Накопления (отдельный план) | B4: =IFERROR(IF(COUNTIF('Статьи расходов'!I:I,"Ошибка")>0,"",ROUND(SUMIF('Статьи расходов'!A:A,A4,'Статьи расходов'!G:G),2)),"Ошибка") -> 0
A5: Целевые сборы (отдельный план) | B5: =IFERROR(IF(COUNTIF('Статьи расходов'!I:I,"Ошибка")>0,"",ROUND(SUMIF('Статьи расходов'!A:A,A5,'Статьи расходов'!G:G),2)),"Ошибка") -> 0
A6: Р — управление + содержание, ₸/год | B6: =IFERROR(IF(COUNT(B2:B3)=2,ROUND(SUM(B2:B3),2),""),"") -> 720.34
A7: Д — коммерческий доход, ₸/год | B7: =IFERROR('Исходные данные'!B6,"") -> 0
A8: S — полная полезная площадь, м² | B8: =IFERROR('Исходные данные'!B5,"") -> 100
A9: Проверка расчетной базы | B9: =IFERROR(IF(AND('Исходные данные'!B10="Готово",COUNTIF('Статьи расходов'!I:I,"Ошибка")=0,COUNTIF('Статьи расходов'!I:I,"Готово")>0,ISNUMBER(B6),B6>=B7),"Готово","Ошибка"),"Ошибка") -> Готово
A10: Текущий взнос, ₸/м² в месяц (6 знаков) | B10: =IFERROR(IF(B9="Готово",ROUND((ROUND(B6*100,0)-ROUND(B7*100,0))*1000000/(ROUND(B8*100,0)*12),0)/1000000,""),"") -> 0.600283
A11: Накопления и целевые сборы | B11: B4 и B5 — отдельные планы, не включены в Р и текущий взнос.

Sheet Помещения
A1: Тип | B1: Номер | C1: Полезная площадь, м² | D1: Текущий взнос в месяц, ₸ | E1: Проверка
A2: Квартира | B2: 1 | C2: 100 | D2: =IFERROR(IF(AND(E2="Готово",'Сводная смета'!B9="Готово"),ROUND((ROUND('Сводная смета'!B6*100,0)-ROUND('Сводная смета'!B7*100,0))*ROUND(C2*100,0)/(ROUND('Исходные данные'!B5*100,0)*12),0)/100,""),"") -> 60.03 | E2: =IFERROR(IF(COUNTA(A2:C2)=0,"",IF(AND(OR(A2="Квартира",A2="Нежилое помещение"),B2<>"",COUNTIFS(A:A,A2,B:B,B2)=1),IF(C2="",IF('Исходные данные'!B8=0,"Нет площади","Ошибка"),IF(AND(ISNUMBER(C2),C2>0,ROUND(C2,2)=C2),"Готово","Ошибка")),"Ошибка")),"Ошибка") -> Готово
D3: =IFERROR(IF(AND(E3="Готово",'Сводная смета'!B9="Готово"),ROUND((ROUND('Сводная смета'!B6*100,0)-ROUND('Сводная смета'!B7*100,0))*ROUND(C3*100,0)/(ROUND('Исходные данные'!B5*100,0)*12),0)/100,""),"") | E3: =IFERROR(IF(COUNTA(A3:C3)=0,"",IF(AND(OR(A3="Квартира",A3="Нежилое помещение"),B3<>"",COUNTIFS(A:A,A3,B:B,B3)=1),IF(C3="",IF('Исходные данные'!B8=0,"Нет площади","Ошибка"),IF(AND(ISNUMBER(C3),C3>0,ROUND(C3,2)=C3),"Готово","Ошибка")),"Ошибка")),"Ошибка")
D4: =IFERROR(IF(AND(E4="Готово",'Сводная смета'!B9="Готово"),ROUND((ROUND('Сводная смета'!B6*100,0)-ROUND('Сводная смета'!B7*100,0))*ROUND(C4*100,0)/(ROUND('Исходные данные'!B5*100,0)*12),0)/100,""),"") | E4: =IFERROR(IF(COUNTA(A4:C4)=0,"",IF(AND(OR(A4="Квартира",A4="Нежилое помещение"),B4<>"",COUNTIFS(A:A,A4,B:B,B4)=1),IF(C4="",IF('Исходные данные'!B8=0,"Нет площади","Ошибка"),IF(AND(ISNUMBER(C4),C4>0,ROUND(C4,2)=C4),"Готово","Ошибка")),"Ошибка")),"Ошибка")
D5: =IFERROR(IF(AND(E5="Готово",'Сводная смета'!B9="Готово"),ROUND((ROUND('Сводная смета'!B6*100,0)-ROUND('Сводная смета'!B7*100,0))*ROUND(C5*100,0)/(ROUND('Исходные данные'!B5*100,0)*12),0)/100,""),"") | E5: =IFERROR(IF(COUNTA(A5:C5)=0,"",IF(AND(OR(A5="Квартира",A5="Нежилое помещение"),B5<>"",COUNTIFS(A:A,A5,B:B,B5)=1),IF(C5="",IF('Исходные данные'!B8=0,"Нет площади","Ошибка"),IF(AND(ISNUMBER(C5),C5>0,ROUND(C5,2)=C5),"Готово","Ошибка")),"Ошибка")),"Ошибка")
D6: =IFERROR(IF(AND(E6="Готово",'Сводная смета'!B9="Готово"),ROUND((ROUND('Сводная смета'!B6*100,0)-ROUND('Сводная смета'!B7*100,0))*ROUND(C6*100,0)/(ROUND('Исходные данные'!B5*100,0)*12),0)/100,""),"") | E6: =IFERROR(IF(COUNTA(A6:C6)=0,"",IF(AND(OR(A6="Квартира",A6="Нежилое помещение"),B6<>"",COUNTIFS(A:A,A6,B:B,B6)=1),IF(C6="",IF('Исходные данные'!B8=0,"Нет площади","Ошибка"),IF(AND(ISNUMBER(C6),C6>0,ROUND(C6,2)=C6),"Готово","Ошибка")),"Ошибка")),"Ошибка")
D7: =IFERROR(IF(AND(E7="Готово",'Сводная смета'!B9="Готово"),ROUND((ROUND('Сводная смета'!B6*100,0)-ROUND('Сводная смета'!B7*100,0))*ROUND(C7*100,0)/(ROUND('Исходные данные'!B5*100,0)*12),0)/100,""),"") | E7: =IFERROR(IF(COUNTA(A7:C7)=0,"",IF(AND(OR(A7="Квартира",A7="Нежилое помещение"),B7<>"",COUNTIFS(A:A,A7,B:B,B7)=1),IF(C7="",IF('Исходные данные'!B8=0,"Нет площади","Ошибка"),IF(AND(ISNUMBER(C7),C7>0,ROUND(C7,2)=C7),"Готово","Ошибка")),"Ошибка")),"Ошибка")
D8: =IFERROR(IF(AND(E8="Готово",'Сводная смета'!B9="Готово"),ROUND((ROUND('Сводная смета'!B6*100,0)-ROUND('Сводная смета'!B7*100,0))*ROUND(C8*100,0)/(ROUND('Исходные данные'!B5*100,0)*12),0)/100,""),"") | E8: =IFERROR(IF(COUNTA(A8:C8)=0,"",IF(AND(OR(A8="Квартира",A8="Нежилое помещение"),B8<>"",COUNTIFS(A:A,A8,B:B,B8)=1),IF(C8="",IF('Исходные данные'!B8=0,"Нет площади","Ошибка"),IF(AND(ISNUMBER(C8),C8>0,ROUND(C8,2)=C8),"Готово","Ошибка")),"Ошибка")),"Ошибка")
D9: =IFERROR(IF(AND(E9="Готово",'Сводная смета'!B9="Готово"),ROUND((ROUND('Сводная смета'!B6*100,0)-ROUND('Сводная смета'!B7*100,0))*ROUND(C9*100,0)/(ROUND('Исходные данные'!B5*100,0)*12),0)/100,""),"") | E9: =IFERROR(IF(COUNTA(A9:C9)=0,"",IF(AND(OR(A9="Квартира",A9="Нежилое помещение"),B9<>"",COUNTIFS(A:A,A9,B:B,B9)=1),IF(C9="",IF('Исходные данные'!B8=0,"Нет площади","Ошибка"),IF(AND(ISNUMBER(C9),C9>0,ROUND(C9,2)=C9),"Готово","Ошибка")),"Ошибка")),"Ошибка")
D10: =IFERROR(IF(AND(E10="Готово",'Сводная смета'!B9="Готово"),ROUND((ROUND('Сводная смета'!B6*100,0)-ROUND('Сводная смета'!B7*100,0))*ROUND(C10*100,0)/(ROUND('Исходные данные'!B5*100,0)*12),0)/100,""),"") | E10: =IFERROR(IF(COUNTA(A10:C10)=0,"",IF(AND(OR(A10="Квартира",A10="Нежилое помещение"),B10<>"",COUNTIFS(A:A,A10,B:B,B10)=1),IF(C10="",IF('Исходные данные'!B8=0,"Нет площади","Ошибка"),IF(AND(ISNUMBER(C10),C10>0,ROUND(C10,2)=C10),"Готово","Ошибка")),"Ошибка")),"Ошибка")
D11: =IFERROR(IF(AND(E11="Готово",'Сводная смета'!B9="Готово"),ROUND((ROUND('Сводная смета'!B6*100,0)-ROUND('Сводная смета'!B7*100,0))*ROUND(C11*100,0)/(ROUND('Исходные данные'!B5*100,0)*12),0)/100,""),"") | E11: =IFERROR(IF(COUNTA(A11:C11)=0,"",IF(AND(OR(A11="Квартира",A11="Нежилое помещение"),B11<>"",COUNTIFS(A:A,A11,B:B,B11)=1),IF(C11="",IF('Исходные данные'!B8=0,"Нет площади","Ошибка"),IF(AND(ISNUMBER(C11),C11>0,ROUND(C11,2)=C11),"Готово","Ошибка")),"Ошибка")),"Ошибка")
D12: =IFERROR(IF(AND(E12="Готово",'Сводная смета'!B9="Готово"),ROUND((ROUND('Сводная смета'!B6*100,0)-ROUND('Сводная смета'!B7*100,0))*ROUND(C12*100,0)/(ROUND('Исходные данные'!B5*100,0)*12),0)/100,""),"") | E12: =IFERROR(IF(COUNTA(A12:C12)=0,"",IF(AND(OR(A12="Квартира",A12="Нежилое помещение"),B12<>"",COUNTIFS(A:A,A12,B:B,B12)=1),IF(C12="",IF('Исходные данные'!B8=0,"Нет площади","Ошибка"),IF(AND(ISNUMBER(C12),C12>0,ROUND(C12,2)=C12),"Готово","Ошибка")),"Ошибка")),"Ошибка")
D13: =IFERROR(IF(AND(E13="Готово",'Сводная смета'!B9="Готово"),ROUND((ROUND('Сводная смета'!B6*100,0)-ROUND('Сводная смета'!B7*100,0))*ROUND(C13*100,0)/(ROUND('Исходные данные'!B5*100,0)*12),0)/100,""),"") | E13: =IFERROR(IF(COUNTA(A13:C13)=0,"",IF(AND(OR(A13="Квартира",A13="Нежилое помещение"),B13<>"",COUNTIFS(A:A,A13,B:B,B13)=1),IF(C13="",IF('Исходные данные'!B8=0,"Нет площади","Ошибка"),IF(AND(ISNUMBER(C13),C13>0,ROUND(C13,2)=C13),"Готово","Ошибка")),"Ошибка")),"Ошибка")
D14: =IFERROR(IF(AND(E14="Готово",'Сводная смета'!B9="Готово"),ROUND((ROUND('Сводная смета'!B6*100,0)-ROUND('Сводная смета'!B7*100,0))*ROUND(C14*100,0)/(ROUND('Исходные данные'!B5*100,0)*12),0)/100,""),"") | E14: =IFERROR(IF(COUNTA(A14:C14)=0,"",IF(AND(OR(A14="Квартира",A14="Нежилое помещение"),B14<>"",COUNTIFS(A:A,A14,B:B,B14)=1),IF(C14="",IF('Исходные данные'!B8=0,"Нет площади","Ошибка"),IF(AND(ISNUMBER(C14),C14>0,ROUND(C14,2)=C14),"Готово","Ошибка")),"Ошибка")),"Ошибка")
D15: =IFERROR(IF(AND(E15="Готово",'Сводная смета'!B9="Готово"),ROUND((ROUND('Сводная смета'!B6*100,0)-ROUND('Сводная смета'!B7*100,0))*ROUND(C15*100,0)/(ROUND('Исходные данные'!B5*100,0)*12),0)/100,""),"") | E15: =IFERROR(IF(COUNTA(A15:C15)=0,"",IF(AND(OR(A15="Квартира",A15="Нежилое помещение"),B15<>"",COUNTIFS(A:A,A15,B:B,B15)=1),IF(C15="",IF('Исходные данные'!B8=0,"Нет площади","Ошибка"),IF(AND(ISNUMBER(C15),C15>0,ROUND(C15,2)=C15),"Готово","Ошибка")),"Ошибка")),"Ошибка")
D16: =IFERROR(IF(AND(E16="Готово",'Сводная смета'!B9="Готово"),ROUND((ROUND('Сводная смета'!B6*100,0)-ROUND('Сводная смета'!B7*100,0))*ROUND(C16*100,0)/(ROUND('Исходные данные'!B5*100,0)*12),0)/100,""),"") | E16: =IFERROR(IF(COUNTA(A16:C16)=0,"",IF(AND(OR(A16="Квартира",A16="Нежилое помещение"),B16<>"",COUNTIFS(A:A,A16,B:B,B16)=1),IF(C16="",IF('Исходные данные'!B8=0,"Нет площади","Ошибка"),IF(AND(ISNUMBER(C16),C16>0,ROUND(C16,2)=C16),"Готово","Ошибка")),"Ошибка")),"Ошибка")
D17: =IFERROR(IF(AND(E17="Готово",'Сводная смета'!B9="Готово"),ROUND((ROUND('Сводная смета'!B6*100,0)-ROUND('Сводная смета'!B7*100,0))*ROUND(C17*100,0)/(ROUND('Исходные данные'!B5*100,0)*12),0)/100,""),"") | E17: =IFERROR(IF(COUNTA(A17:C17)=0,"",IF(AND(OR(A17="Квартира",A17="Нежилое помещение"),B17<>"",COUNTIFS(A:A,A17,B:B,B17)=1),IF(C17="",IF('Исходные данные'!B8=0,"Нет площади","Ошибка"),IF(AND(ISNUMBER(C17),C17>0,ROUND(C17,2)=C17),"Готово","Ошибка")),"Ошибка")),"Ошибка")
D18: =IFERROR(IF(AND(E18="Готово",'Сводная смета'!B9="Готово"),ROUND((ROUND('Сводная смета'!B6*100,0)-ROUND('Сводная смета'!B7*100,0))*ROUND(C18*100,0)/(ROUND('Исходные данные'!B5*100,0)*12),0)/100,""),"") | E18: =IFERROR(IF(COUNTA(A18:C18)=0,"",IF(AND(OR(A18="Квартира",A18="Нежилое помещение"),B18<>"",COUNTIFS(A:A,A18,B:B,B18)=1),IF(C18="",IF('Исходные данные'!B8=0,"Нет площади","Ошибка"),IF(AND(ISNUMBER(C18),C18>0,ROUND(C18,2)=C18),"Готово","Ошибка")),"Ошибка")),"Ошибка")
D19: =IFERROR(IF(AND(E19="Готово",'Сводная смета'!B9="Готово"),ROUND((ROUND('Сводная смета'!B6*100,0)-ROUND('Сводная смета'!B7*100,0))*ROUND(C19*100,0)/(ROUND('Исходные данные'!B5*100,0)*12),0)/100,""),"") | E19: =IFERROR(IF(COUNTA(A19:C19)=0,"",IF(AND(OR(A19="Квартира",A19="Нежилое помещение"),B19<>"",COUNTIFS(A:A,A19,B:B,B19)=1),IF(C19="",IF('Исходные данные'!B8=0,"Нет площади","Ошибка"),IF(AND(ISNUMBER(C19),C19>0,ROUND(C19,2)=C19),"Готово","Ошибка")),"Ошибка")),"Ошибка")
D20: =IFERROR(IF(AND(E20="Готово",'Сводная смета'!B9="Готово"),ROUND((ROUND('Сводная смета'!B6*100,0)-ROUND('Сводная смета'!B7*100,0))*ROUND(C20*100,0)/(ROUND('Исходные данные'!B5*100,0)*12),0)/100,""),"") | E20: =IFERROR(IF(COUNTA(A20:C20)=0,"",IF(AND(OR(A20="Квартира",A20="Нежилое помещение"),B20<>"",COUNTIFS(A:A,A20,B:B,B20)=1),IF(C20="",IF('Исходные данные'!B8=0,"Нет площади","Ошибка"),IF(AND(ISNUMBER(C20),C20>0,ROUND(C20,2)=C20),"Готово","Ошибка")),"Ошибка")),"Ошибка")
D21: =IFERROR(IF(AND(E21="Готово",'Сводная смета'!B9="Готово"),ROUND((ROUND('Сводная смета'!B6*100,0)-ROUND('Сводная смета'!B7*100,0))*ROUND(C21*100,0)/(ROUND('Исходные данные'!B5*100,0)*12),0)/100,""),"") | E21: =IFERROR(IF(COUNTA(A21:C21)=0,"",IF(AND(OR(A21="Квартира",A21="Нежилое помещение"),B21<>"",COUNTIFS(A:A,A21,B:B,B21)=1),IF(C21="",IF('Исходные данные'!B8=0,"Нет площади","Ошибка"),IF(AND(ISNUMBER(C21),C21>0,ROUND(C21,2)=C21),"Готово","Ошибка")),"Ошибка")),"Ошибка")
D22: =IFERROR(IF(AND(E22="Готово",'Сводная смета'!B9="Готово"),ROUND((ROUND('Сводная смета'!B6*100,0)-ROUND('Сводная смета'!B7*100,0))*ROUND(C22*100,0)/(ROUND('Исходные данные'!B5*100,0)*12),0)/100,""),"") | E22: =IFERROR(IF(COUNTA(A22:C22)=0,"",IF(AND(OR(A22="Квартира",A22="Нежилое помещение"),B22<>"",COUNTIFS(A:A,A22,B:B,B22)=1),IF(C22="",IF('Исходные данные'!B8=0,"Нет площади","Ошибка"),IF(AND(ISNUMBER(C22),C22>0,ROUND(C22,2)=C22),"Готово","Ошибка")),"Ошибка")),"Ошибка")
D23: =IFERROR(IF(AND(E23="Готово",'Сводная смета'!B9="Готово"),ROUND((ROUND('Сводная смета'!B6*100,0)-ROUND('Сводная смета'!B7*100,0))*ROUND(C23*100,0)/(ROUND('Исходные данные'!B5*100,0)*12),0)/100,""),"") | E23: =IFERROR(IF(COUNTA(A23:C23)=0,"",IF(AND(OR(A23="Квартира",A23="Нежилое помещение"),B23<>"",COUNTIFS(A:A,A23,B:B,B23)=1),IF(C23="",IF('Исходные данные'!B8=0,"Нет площади","Ошибка"),IF(AND(ISNUMBER(C23),C23>0,ROUND(C23,2)=C23),"Готово","Ошибка")),"Ошибка")),"Ошибка")
D24: =IFERROR(IF(AND(E24="Готово",'Сводная смета'!B9="Готово"),ROUND((ROUND('Сводная смета'!B6*100,0)-ROUND('Сводная смета'!B7*100,0))*ROUND(C24*100,0)/(ROUND('Исходные данные'!B5*100,0)*12),0)/100,""),"") | E24: =IFERROR(IF(COUNTA(A24:C24)=0,"",IF(AND(OR(A24="Квартира",A24="Нежилое помещение"),B24<>"",COUNTIFS(A:A,A24,B:B,B24)=1),IF(C24="",IF('Исходные данные'!B8=0,"Нет площади","Ошибка"),IF(AND(ISNUMBER(C24),C24>0,ROUND(C24,2)=C24),"Готово","Ошибка")),"Ошибка")),"Ошибка")
D25: =IFERROR(IF(AND(E25="Готово",'Сводная смета'!B9="Готово"),ROUND((ROUND('Сводная смета'!B6*100,0)-ROUND('Сводная смета'!B7*100,0))*ROUND(C25*100,0)/(ROUND('Исходные данные'!B5*100,0)*12),0)/100,""),"") | E25: =IFERROR(IF(COUNTA(A25:C25)=0,"",IF(AND(OR(A25="Квартира",A25="Нежилое помещение"),B25<>"",COUNTIFS(A:A,A25,B:B,B25)=1),IF(C25="",IF('Исходные данные'!B8=0,"Нет площади","Ошибка"),IF(AND(ISNUMBER(C25),C25>0,ROUND(C25,2)=C25),"Готово","Ошибка")),"Ошибка")),"Ошибка")
D26: =IFERROR(IF(AND(E26="Готово",'Сводная смета'!B9="Готово"),ROUND((ROUND('Сводная смета'!B6*100,0)-ROUND('Сводная смета'!B7*100,0))*ROUND(C26*100,0)/(ROUND('Исходные данные'!B5*100,0)*12),0)/100,""),"") | E26: =IFERROR(IF(COUNTA(A26:C26)=0,"",IF(AND(OR(A26="Квартира",A26="Нежилое помещение"),B26<>"",COUNTIFS(A:A,A26,B:B,B26)=1),IF(C26="",IF('Исходные данные'!B8=0,"Нет площади","Ошибка"),IF(AND(ISNUMBER(C26),C26>0,ROUND(C26,2)=C26),"Готово","Ошибка")),"Ошибка")),"Ошибка")
D27: =IFERROR(IF(AND(E27="Готово",'Сводная смета'!B9="Готово"),ROUND((ROUND('Сводная смета'!B6*100,0)-ROUND('Сводная смета'!B7*100,0))*ROUND(C27*100,0)/(ROUND('Исходные данные'!B5*100,0)*12),0)/100,""),"") | E27: =IFERROR(IF(COUNTA(A27:C27)=0,"",IF(AND(OR(A27="Квартира",A27="Нежилое помещение"),B27<>"",COUNTIFS(A:A,A27,B:B,B27)=1),IF(C27="",IF('Исходные данные'!B8=0,"Нет площади","Ошибка"),IF(AND(ISNUMBER(C27),C27>0,ROUND(C27,2)=C27),"Готово","Ошибка")),"Ошибка")),"Ошибка")
D28: =IFERROR(IF(AND(E28="Готово",'Сводная смета'!B9="Готово"),ROUND((ROUND('Сводная смета'!B6*100,0)-ROUND('Сводная смета'!B7*100,0))*ROUND(C28*100,0)/(ROUND('Исходные данные'!B5*100,0)*12),0)/100,""),"") | E28: =IFERROR(IF(COUNTA(A28:C28)=0,"",IF(AND(OR(A28="Квартира",A28="Нежилое помещение"),B28<>"",COUNTIFS(A:A,A28,B:B,B28)=1),IF(C28="",IF('Исходные данные'!B8=0,"Нет площади","Ошибка"),IF(AND(ISNUMBER(C28),C28>0,ROUND(C28,2)=C28),"Готово","Ошибка")),"Ошибка")),"Ошибка")
D29: =IFERROR(IF(AND(E29="Готово",'Сводная смета'!B9="Готово"),ROUND((ROUND('Сводная смета'!B6*100,0)-ROUND('Сводная смета'!B7*100,0))*ROUND(C29*100,0)/(ROUND('Исходные данные'!B5*100,0)*12),0)/100,""),"") | E29: =IFERROR(IF(COUNTA(A29:C29)=0,"",IF(AND(OR(A29="Квартира",A29="Нежилое помещение"),B29<>"",COUNTIFS(A:A,A29,B:B,B29)=1),IF(C29="",IF('Исходные данные'!B8=0,"Нет площади","Ошибка"),IF(AND(ISNUMBER(C29),C29>0,ROUND(C29,2)=C29),"Готово","Ошибка")),"Ошибка")),"Ошибка")
D30: =IFERROR(IF(AND(E30="Готово",'Сводная смета'!B9="Готово"),ROUND((ROUND('Сводная смета'!B6*100,0)-ROUND('Сводная смета'!B7*100,0))*ROUND(C30*100,0)/(ROUND('Исходные данные'!B5*100,0)*12),0)/100,""),"") | E30: =IFERROR(IF(COUNTA(A30:C30)=0,"",IF(AND(OR(A30="Квартира",A30="Нежилое помещение"),B30<>"",COUNTIFS(A:A,A30,B:B,B30)=1),IF(C30="",IF('Исходные данные'!B8=0,"Нет площади","Ошибка"),IF(AND(ISNUMBER(C30),C30>0,ROUND(C30,2)=C30),"Готово","Ошибка")),"Ошибка")),"Ошибка")
D31: =IFERROR(IF(AND(E31="Готово",'Сводная смета'!B9="Готово"),ROUND((ROUND('Сводная смета'!B6*100,0)-ROUND('Сводная смета'!B7*100,0))*ROUND(C31*100,0)/(ROUND('Исходные данные'!B5*100,0)*12),0)/100,""),"") | E31: =IFERROR(IF(COUNTA(A31:C31)=0,"",IF(AND(OR(A31="Квартира",A31="Нежилое помещение"),B31<>"",COUNTIFS(A:A,A31,B:B,B31)=1),IF(C31="",IF('Исходные данные'!B8=0,"Нет площади","Ошибка"),IF(AND(ISNUMBER(C31),C31>0,ROUND(C31,2)=C31),"Готово","Ошибка")),"Ошибка")),"Ошибка")

Sheet Основания и ограничения
A1: Сопроводительный лист — служебная информация
A2: Сформирован проект. Проверьте сведения и выполните предусмотренную процедуру подписания или утверждения.
A3: Шаблон: Годовая смета; версия 166-381-2025.10.18-v1. Проверен 2026-10-16. Основание: Приказ и.о. Министра индустрии и инфраструктурного развития РК от 30.03.2020 №166; Приложение 1 к приказу: методика, пункты 5, 6, 10–12, 20–22. Утвержденной таблицы сметы в проверенном акте нет. https://adilet.zan.kz/rus/docs/V2000020284
A4: Все сведения демонстрационные. Подписи, право собственности и решения не удостоверены приложением.
A5: Составитель: Айдана Садыкова. Это не подпись. Реестр: полный по сведениям пользователя
A6: Инвентарный перечень: Демо-перечень Акт осмотра: Демо-осмотр Дефектный акт: ________________
A7: Местный минимум: не проверен. Введено пользователем: нет значения; территория Павлодар; источник не указан; период не указан — не указан. Соответствие местным требованиям не подтверждено.
A8: Нормативная логика не изменена. При неполном реестре расчет использует полную полезную площадь, введенную отдельно. Сведения с государственным реестром не сверены.
